"PatentID,Title,Filing Date,Inventor,Status,Jurisdiction,Patent Number,Description,Associated Products"
"1001,""Smartphone Battery Life Optimization"",2023-01-15,""John Doe"",Approved,""USA"",""US9876543B2"",""A method for enhancing the battery life of smartphones through adaptive power management."", ""Smartphone, Battery"""
"1002,""Autonomous Drone Navigation System"",2022-11-23,""Alice Smith"",Pending,""UK"",""GB1234567A"",""An advanced navigation system for drones using AI-based obstacle avoidance algorithms."", ""Drone, AI Software"""
"1003,""Wearable Health Monitoring Device"",2021-07-30,""Robert Brown"",Approved,""Canada"",""CA8765432C"",""A wearable device for continuous health monitoring including heart rate, temperature, and blood pressure."", ""Wearable Device, Health Tech"""
"1004,""Energy-Efficient LED Lighting"",2024-02-01,""Emily White"",Pending,""Germany"",""DE1122334T5"",""A new energy-efficient LED light design for home and industrial applications."", ""LED, Lighting"""
"1005,""Virtual Reality Headset with Haptic Feedback"",2023-09-12,""Michael Johnson"",Approved,""Japan"",""JP9988776A1"",""A VR headset equipped with advanced haptic feedback technology for immersive gaming experiences."", ""Virtual Reality, Gaming"""
"1006,""Smart Home Thermostat"",2022-06-20,""Sophia Lee"",Approved,""Australia"",""AU1239876B"",""A smart thermostat with machine learning capabilities for optimizing home heating and cooling."", ""Smart Home, HVAC"""
"1007,""Electric Car Battery Charging Station"",2024-03-08,""James Harris"",Pending,""USA"",""US1122334C"",""A fast-charging electric vehicle battery station with solar panel integration."", ""Electric Car, Charging Station"""
"1008,""AI-Powered Personal Assistant"",2023-11-10,""Daniel Kim"",Approved,""South Korea"",""KR1234500B"",""An AI personal assistant for automating daily tasks and improving productivity through natural language processing."", ""Smart Assistant, AI"""
"1009,""Self-Cleaning Solar Panel"",2021-03-25,""Olivia Martinez"",Pending,""France"",""FR9876543D"",""A solar panel that uses automated cleaning technology to maintain high efficiency."", ""Solar Panel, Energy"""
"1010,""Quantum Computing Processor"",2024-01-05,""David Wilson"",Approved,""USA"",""US1011122B2"",""A new quantum computing processor designed to speed up data encryption and decryption processes."", ""Quantum Computing, Hardware"""
"1011,""Artificial Intelligence for Legal Document Review"",2023-05-15,""Matthew Clark"",Approved,""Canada"",""CA7894561D"",""An AI-powered tool designed for automatic review and analysis of legal documents."", ""AI Software, Legal Tech"""
"1012,""Smart Fridge with Inventory Management"",2022-08-03,""Isabella Green"",Pending,""Germany"",""DE5566778T3"",""A smart fridge that tracks inventory and notifies the user about expiring items using AI."", ""Smart Home, Appliances"""
"1013,""3D-Printed Organ for Medical Use"",2021-12-18,""Lucas Carter"",Approved,""USA"",""US1234432B1"",""A revolutionary method for creating 3D-printed organs for transplantation and medical procedures."", ""3D Printing, Healthcare"""
"1014,""Blockchain-Based Supply Chain Tracking"",2024-04-20,""Charlotte King"",Pending,""UK"",""GB4455667A"",""A blockchain-based system for real-time supply chain tracking and transparency."", ""Blockchain, Supply Chain"""
"1015,""AI-Driven Autonomous Delivery Robot"",2023-07-22,""Ethan Adams"",Approved,""Japan"",""JP6677889A2"",""A fully autonomous delivery robot using AI for navigation and decision making."", ""Robotics, Logistics"""
"1016,""Biodegradable Packaging Material"",2022-11-09,""Amelia Evans"",Approved,""Australia"",""AU3344556C"",""A biodegradable and eco-friendly packaging material designed to reduce plastic waste."", ""Packaging, Environment"""
"1017,""AI-Based Music Composition Tool"",2021-05-14,""Benjamin Scott"",Pending,""USA"",""US1122445D2"",""An AI-powered music composition software that helps artists create music based on mood and genre preferences."", ""Music, Software"""
"1018,""Smart Contact Lenses for Augmented Reality"",2024-06-16,""Liam Perez"",Approved,""South Korea"",""KR9988772B1"",""Smart contact lenses that integrate augmented reality for real-time information display."", ""Augmented Reality, Wearables"""
"1019,""Voice-Activated Home Automation System"",2023-12-02,""Grace Carter"",Pending,""France"",""FR1122334B5"",""A voice-controlled smart home automation system that integrates lighting, security, and climate control."", ""Smart Home, Automation"""
"1020,""Self-Healing Concrete"",2022-02-09,""Henry Martinez"",Approved,""Germany"",""DE2233445P1"",""Concrete that can self-repair cracks using embedded bacteria and minerals."", ""Construction, Materials"""
"1021,""AI-Powered Video Editing Software"",2023-10-18,""Zoe Harris"",Approved,""USA"",""US8765432B1"",""An AI-based video editing software that automates cuts, transitions, and effects based on user preferences."", ""Software, Video Editing"""
"1022,""Smart Shoe with Posture Correction"",2021-08-27,""Nolan Walker"",Pending,""Canada"",""CA6543210B"",""A smart shoe that tracks and adjusts posture through embedded sensors and vibrations."", ""Wearable Device, Health Tech"""
"1023,""Wireless Charging Pad for Laptops"",2024-05-13,""Ella Foster"",Approved,""UK"",""GB1122334P6"",""A wireless charging pad designed specifically for laptops and larger devices."", ""Charging, Electronics"""
"1024,""AI-Based Fraud Detection System"",2022-09-11,""James White"",Approved,""Australia"",""AU9988772D"",""An AI-powered fraud detection system for financial transactions using pattern recognition."", ""Fintech, Software"""
"1025,""Automated Packaging System for E-Commerce"",2023-02-02,""Samuel Davis"",Pending,""USA"",""US1234589P3"",""A fully automated system designed for packaging e-commerce orders with minimal human interaction."", ""E-Commerce, Robotics"""