"project_id,title,abstract,objectives,methodologies,results,researcher_id,start_date,end_date,status"
"1,""AI for Personalized Learning"",""Research on using AI to create personalized learning experiences for students based on their learning styles."",""To develop an AI-based system that adapts to each student's learning pace and style."",""Machine Learning, Data Analysis, Adaptive Systems"",""Prototype system developed with initial student trials."",""R001"",2023-01-10,2024-01-10,Completed"
"2,""Quantum Computing for Cryptography"",""Exploring the potential of quantum computing to enhance encryption and data security."",""Investigate the role of quantum computing in creating unbreakable encryption methods."",""Quantum Algorithms, Cryptography, Quantum Hardware"",""Successful proof of concept for quantum encryption protocols."",""R002"",2022-03-15,2023-03-15,Completed"
"3,""Smart Agriculture using IoT"",""Implementing IoT technology for precision farming and crop monitoring."",""To develop IoT sensors for monitoring soil quality and crop health in real-time."",""IoT, Sensors, Data Analytics"",""Prototype IoT system tested on local farms."",""R003"",2023-06-01,2024-06-01,In Progress"
"4,""Blockchain in Healthcare Data Management"",""Research on using blockchain to ensure secure and transparent healthcare data management."",""To create a secure, blockchain-based system for healthcare data sharing among providers."",""Blockchain, Health Tech, Data Security"",""Prototype system developed and tested with healthcare providers."",""R004"",2021-05-20,2022-05-20,Completed"
"5,""Autonomous Vehicle Navigation Algorithms"",""Developing algorithms for safe navigation of autonomous vehicles in complex environments."",""To develop advanced algorithms for object recognition, path planning, and collision avoidance in autonomous vehicles."",""AI, Machine Learning, Robotics"",""Initial tests show improved pathfinding and collision avoidance."",""R005"",2022-10-10,2023-10-10,Completed"
"6,""AI-Driven Drug Discovery"",""Using AI to identify potential drug candidates for various diseases."",""To accelerate drug discovery by applying AI to predict effective compounds."",""AI, Machine Learning, Chemistry"",""Identified several promising compounds for further testing."",""R006"",2023-02-15,2024-02-15,In Progress"
"7,""Biodegradable Plastics Research"",""Research into developing sustainable, biodegradable plastics from renewable resources."",""To create plastics that are environmentally friendly and degrade naturally."",""Chemical Engineering, Environmental Science"",""Prototype biodegradable plastic materials developed and tested."",""R007"",2021-08-10,2022-08-10,Completed"
"8,""Wearable Health Devices for Elderly Care"",""Developing wearable devices that monitor vital signs and alert caregivers in case of emergencies."",""To create a wearable health monitoring system specifically designed for elderly individuals."",""Wearable Tech, Healthcare, Sensors"",""Prototype wearable device developed with remote monitoring capabilities."",""R008"",2023-07-01,2024-07-01,In Progress"
"9,""AI-Based Financial Risk Prediction"",""Using AI to predict financial market risks and automate trading decisions."",""To build an AI system capable of predicting stock market trends and risks."",""AI, Machine Learning, Financial Analytics"",""AI system developed and backtested with positive results."",""R009"",2022-04-18,2023-04-18,Completed"
"10,""Space Robotics for Satellite Repair"",""Developing robotic systems for the repair and maintenance of satellites in orbit."",""To design a robotic system capable of performing maintenance tasks on satellites in space."",""Robotics, Space Technology, AI"",""Successful proof of concept for robotic satellite repairs."",""R010"",2023-01-05,2024-01-05,In Progress"
"11,""Smart Grid Energy Management"",""Optimizing electricity distribution using AI to balance supply and demand in smart grids."",""To develop an AI-powered system for efficient energy distribution and load balancing in smart grids."",""AI, Energy, Smart Grid"",""AI-powered smart grid system developed and tested in a simulated environment."",""R011"",2022-11-10,2023-11-10,Completed"
"12,""3D Printing for Custom Prosthetics"",""Using 3D printing technology to create affordable, custom prosthetics for patients."",""To develop a cost-effective 3D printing method for prosthetic limb creation."",""3D Printing, Healthcare, Engineering"",""Prototype prosthetic limbs printed and tested with patients."",""R012"",2021-12-01,2022-12-01,Completed"
"13,""AI for Climate Change Modeling"",""Leveraging AI to model climate change impacts and predict future environmental scenarios."",""To use AI and big data to improve climate change models and predictions."",""AI, Climate Science, Data Analytics"",""AI-driven climate model developed and predictions generated for future scenarios."",""R013"",2023-05-15,2024-05-15,In Progress"
"14,""Neural Networks for Image Recognition"",""Developing neural network-based systems for advanced image and facial recognition applications."",""To create a deep learning model for real-time object and facial recognition in images and video."",""AI, Neural Networks, Computer Vision"",""Model successfully detects faces with high accuracy in real-time tests."",""R014"",2021-09-30,2022-09-30,Completed"
"15,""Bioengineering for Tissue Regeneration"",""Investigating the use of bioengineering to regenerate human tissue."",""To develop bioengineered tissues that can be used in medical treatments and surgeries."",""Bioengineering, Healthcare, Regenerative Medicine"",""Successful regeneration of tissue samples in lab tests."",""R015"",2022-07-25,2023-07-25,Completed"
"16,""Augmented Reality for Education"",""Exploring the potential of augmented reality (AR) to transform the classroom experience."",""To develop AR applications that enhance learning experiences for students."",""AR, Education, Technology"",""AR-based educational tools developed and tested in classroom settings."",""R016"",2022-03-12,2023-03-12,Completed"
"17,""Cybersecurity in Cloud Computing"",""Research on securing cloud computing environments against cyber threats."",""To develop new cybersecurity methods for cloud-based systems and data storage."",""Cybersecurity, Cloud Computing, Data Security"",""New security protocols developed and successfully tested in cloud environments."",""R017"",2023-06-01,2024-06-01,In Progress"
"18,""Solar-Powered Water Purification"",""Developing solar-powered systems for purifying drinking water in remote areas."",""To create a low-cost, solar-powered water purification system for use in off-grid locations."",""Renewable Energy, Water Treatment"",""Prototype solar-powered water purifier tested in remote locations."",""R018"",2021-11-20,2022-11-20,Completed"
"19,""Robotic Surgery for Minimally Invasive Procedures"",""Developing robotic systems to assist in minimally invasive surgeries for faster recovery."",""To build a robotic surgery platform that enhances precision and reduces recovery time."",""Robotics, Surgery, Medical Devices"",""First successful surgeries performed with robotic assistance."",""R019"",2023-04-25,2024-04-25,In Progress"
"20,""AI for Personalized Healthcare Recommendations"",""Using AI to provide personalized healthcare advice based on patient data and history."",""To develop an AI-powered healthcare system that provides personalized recommendations for patients."",""AI, Healthcare, Data Science"",""Personalized healthcare recommendations generated based on patient data."",""R020"",2022-01-18,2023-01-18,Completed"
"21,""Nanotechnology for Drug Delivery Systems"",""Exploring the use of nanotechnology in targeted drug delivery to improve treatment efficacy."",""To design and test nanoscale particles for delivering drugs directly to affected areas."",""Nanotechnology, Drug Delivery, Medical Research"",""Prototype nanoparticles developed for targeted drug delivery tests."",""R021"",2023-09-05,2024-09-05,In Progress"
"22,""Smart Home Automation for Disabled Individuals"",""Designing home automation systems that assist disabled individuals in daily activities."",""To create an accessible, user-friendly smart home system tailored for people with disabilities."",""Smart Home, Accessibility, AI"",""Smart home system developed and tested with disabled individuals."",""R022"",2023-02-25,2024-02-25,In Progress"
"23,""AI for Predictive Maintenance in Manufacturing"",""Using AI to predict machinery failure and optimize maintenance schedules in manufacturing."",""To develop an AI-based system for predicting and preventing equipment failures."",""AI, Manufacturing, Predictive Analytics"",""Predictive maintenance system developed and integrated into test manufacturing lines."",""R023"",2022-10-12,2023-10-12,Completed"
"24,""VR Training for Emergency Response"",""Developing a virtual reality system for training emergency responders in high-risk scenarios."",""To create VR simulations for training emergency responders in realistic situations."",""VR, Training, Emergency Services"",""Successful VR training modules tested with emergency responders."",""R024"",2021-08-15,2022-08-15,Completed"
"25,""Automated Retail Checkout System"",""Creating an automated, AI-powered retail checkout system that reduces human error."",""To develop a self-checkout system using AI for improved customer experience."",""AI, Retail, Automation"",""Automated checkout system developed and tested in retail settings."",""R025"",2023-04-10,2024-04-10,In Progress"